insert into airport (airportid, airportname, city)
values (1000, 'Imam Khomeini', 'Tehran'),
       (1007, 'Mehr Abad', 'Tehran'),
       (1045, 'Shahid Madani', 'Tabriz'),
       (1163, 'Shahid Beheshti', 'Isfahan'),
       (1004, 'Payam', 'Karaj'),
       (1009, 'Bushehr', 'Bushehr'),
       (1601, 'Shahid Hashemi', 'Mashhad'),
       (1436, 'Ahvaz', 'Ahvaz'),
       (1718, 'Zanjan', 'Zanjan'),
       (1255, 'Kerman', 'Kerman');
insert into gate (airportid, gatenumber)
values (1000, 1),
       (1000, 2),
       (1000, 3),
       (1007, 1),
       (1007, 2),
       (1007, 3),
       (1045, 1),
       (1045, 2),
       (1045, 3),
       (1163, 1),
       (1163, 2),
       (1163, 3),
       (1004, 1),
       (1004, 2),
       (1004, 3),
       (1009, 1),
       (1009, 2),
       (1009, 3),
       (1601, 1),
       (1601, 2),
       (1601, 3),
       (1436, 1),
       (1436, 2),
       (1436, 3),
       (1718, 1),
       (1718, 2),
       (1718, 3),
       (1255, 1),
       (1255, 2),
       (1255, 3);
insert into airportemployee (employeeid, name, gender, job, age, salary, airportid)
values (49476, 'Ali Hashemi', 'male', 'security', 32, 4500000, 1000),
       (40549, 'Maryam Alikhani', 'female', 'information', 39, 6000000, 1000),
       (70688, 'Meysam Karimi', 'male', 'utility', 52, 4000000, 1007),
       (63592, 'Karim Rezaii', 'male', 'security', 29, 3600000, 1007),
       (41011, 'Mina Samiei', 'female', 'cleaning', 48, 4500000, 1045),
       (75669, 'Zahra Hemmati', 'female', 'information', 28, 2500000, 1045),
       (55533, 'Fateme Khosravi', 'female', 'information', 40, 3200000, 1163),
       (76192, 'Parsa Layegh', 'male', 'security', 34, 3500000, 1004),
       (10863, 'Kambiz Sayyadi', 'male', 'utility', 49, 3000000, 1009),
       (92720, 'Fereshteh Mehrjoo', 'female', 'utility', 36, 2400000, 1601),
       (78259, 'Freydoun Ghaffari', 'male', 'cleaning', 41, 3000000, 1436),
       (31795, 'Homayoun Entezami', 'male', 'security', 37, 3000000, 1718),
       (79075, 'Mehdi Qasemi', 'male', 'information', 37, 4500000, 1255);
insert into passenger (passengerid, name, age, gender)
values (23409, 'Esmaeel Fardin', 25, 'male'),
       (61937, 'Mozhde Raeisi', 36, 'female'),
       (95181, 'Mahnaz Khaledi', 24, 'female'),
       (17546, 'Moein Hedayati', 45, 'male'),
       (12422, 'Saba Fardin', 28, 'female');
insert into flightagency (agencyid, name, address)
values (57, 'Aftab', 'No. 189, 5 kms. After Jajrood, Abali Rd., Tehran, Iran'),
       (39, 'Ofogh', 'Unit 3, 2nd Fl., No.198, Villa St., Karimkhan St., After Sar Sabz Cross Rd., Tehran, Iran'),
       (63, 'Alibaba',
        'No. 5, Bootan Gas St., Before Refinary Gasoline Station, Azar Shahr Rd., 5194613171, Azarbaijan, Tab'),
       (19, 'Safar', 'Unit 10, No.16, Saremi Alley, After Taleqani Cross Rd., Gharani St., Tehran, Iran'),
       (40, 'Gozaar', 'No.12, Corner of Farahanipour Alley, Yousef Abad St., 14336, Tehran, Iran');
insert into airplanecompany (companyid, name, foundationdate)
values (78, 'Iran Air', '1981-11-23'),
       (61, 'Mahan', '1985-02-06'),
       (64, 'Aseman', '1999-08-15'),
       (47, 'Qeshm Air', '1997-06-25'),
       (11, 'Qatar', '1994-12-05');
insert into airplane (airplaneid, name, manufacturingdate, companyid)
values (219, 'Airbus A220', '1960-07-22', 78),
       (496, 'Airbus A320', '1972-07-28', 61),
       (560, 'Airbus A330', '1974-08-12', 47),
       (515, 'Airbus A350', '1976-07-26', 11),
       (365, 'Airbus A380', '1978-02-25', 64),
       (448, 'Boeing 737 NG', '1978-04-27', 47),
       (808, 'Boeing 747', '2005-10-23', 78),
       (557, 'Boeing 767', '1993-01-11', 11),
       (467, 'Boeing 777', '2001-10-07', 64),
       (167, 'Boeing 787', '1985-06-20', 61);
insert into airplanecompanyemployee (employeeid, name, gender, job, age, salary, companyid)
values (2001, 'Jahangir Parastui', 'male', 'pilot', 35, 10000000, 78),
       (7059, 'Habib Qajar', 'male', 'security', 40, 3500000, 61),
       (3745, 'Jafar Alidoosti', 'male', 'pilot', 46, 12000000, 78),
       (6824, 'Behzad Hedayati', 'male', 'information', 34, 4000000, 11),
       (2692, 'Mani Lotfi', 'male', 'stewardess', 29, 5000000, 78),
       (1043, 'Fereshteh Safavi', 'female', 'stewardess', 25, 4500000, 78),
       (1196, 'Sara Foroozan', 'female', 'stewardess', 31, 5000000, 78),
       (7696, 'Sahar Esfahani', 'female', 'stewardess', 36, 6000000, 78),
       (8734, 'Mahtab Pirouzfar', 'female', 'information', 36, 3500000, 78),
       (4625, 'Nazanin Khaledi', 'female', 'pilot', 41, 12000000, 78),
       (8860, 'Atefeh Bina', 'female', 'mechanic', 36, 6000000, 78),
       (1061, 'Tahmine Arjmand', 'female', 'mechanic', 29, 6000000, 78),
       (2205, 'Negar Asadi', 'female', 'mechanic', 40, 6000000, 78),
       (7791, 'Morteza Arabnia', 'male', 'mechanic', 32, 6000000, 78),
       (4171, 'Sirvan Malakooti', 'male', 'mechanic', 37, 6000000, 78),
       (8949, 'Hooman Esfahani', 'male', 'mechanic', 52, 6000000, 78);
insert into pilot (pilotid, degree)
values (2001, 'co-pilot'),
       (3745, 'main pilot'),
       (4625, 'main pilot');
insert into stewardess (stewardessid)
values (2692),
       (1043),
       (1196),
       (7696);
insert into flightteam (teamid, firstpilotid, secondpilotid, toastmasterid)
values (7870, 3745, 2001, 2692),
       (9177, 4625, 2001, 2692),
       (6811, 3745, 4625, 1196),
       (5143, 4625, 3745, 7696),
       (6503, 4625, 2001, 7696),
       (4436, 3745, 2001, 1043),
       (5500, 4625, 2001, 1043),
       (4216, 4625, 2001, 1043),
       (4779, 4625, 2001, 1196),
       (4234, 4625, 3745, 7696);
insert into mechanic (mechanicid, edudegree)
values (8860, 'bs'),
       (1061, 'ms'),
       (2205, 'doc'),
       (7791, 'bs'),
       (4171, 'ms'),
       (8949, 'doc');
insert into flight (flightid, flightdate, flighthour, departureairportid, arrivalairportid, flightteamid, airplaneid,
                    arrivalgatenum, departuregatenum, flightcapacity)
values (5312, '2019-08-02', 1230, 1000, 1045, 7870, 219, 1, 2, 120),
       (1355, '2019-11-13', 2000, 1007, 1009, 9177, 808, 2, 3, 60),
       (8779, '2019-11-29', 1420, 1255, 1436, 6811, 808, 3, 1, 45),
       (6392, '2020-03-01', 2130, 1163, 1718, 5143, 219, 1, 1, 100),
       (2256, '2020-05-08', 1630, 1045, 1007, 6503, 219, 2, 1, 150),
       (6698, '2020-07-22', 1500, 1007, 1004, 4436, 808, 3, 2, 70),
       (3720, '2018-08-06', 1530, 1601, 1436, 5500, 808, 1, 3, 30),
       (3545, '2018-10-15', 1750, 1007, 1009, 4216, 808, 3, 2, 100),
       (2153, '2019-02-24', 2300, 1436, 1255, 4779, 219, 2, 3, 200),
       (8050, '2020-02-22', 2400, 1436, 1007, 4234, 808, 1, 2, 45);
insert into ticket (ticketnum, price, flightid, agencyid)
values (2662, 700000, 1355, 39),
       (3465, 450000, 5312, 63),
       (1779, 700000, 1355, 19),
       (5424, 1000000, 6698, 19),
       (4126, 400000, 5312, 40),
       (5775, 850000, 2153, 63),
       (7865, 600000, 8050, 19),
       (9489, 500000, 3545, 57),
       (1781, 900000, 8779, 57),
       (4527, 850000, 6392, 39);
insert into passengerticket (ticketnum, passengerid)
values (2662, 23409),
       (3465, 61937),
       (1779, 95181),
       (5424, 12422),
       (4126, 17546),
       (5775, 23409),
       (7865, 61937),
       (9489, 95181),
       (1781, 17546),
       (4527, 12422);
insert into airplaneservice (mechanicid, airplaneid, servicedate, report)
values (8860, 219, '2018-10-19', 'All good'),
       (2205, 808, '2018-12-07', 'Engine got fixed'),
       (7791, 808, '2019-06-04', 'Tires got fixed'),
       (8860, 219, '2019-07-21', 'One of seats got fixed'),
       (8949, 219, '2020-03-24', 'All good'),
       (4171, 219, '2020-03-02', 'Engine got fixed');
insert into flightteamstewardess (teamid, stewardessid)
values (7870, 2692),
       (7870, 1043),
       (9177, 2692),
       (9177, 1196),
       (6811, 1196),
       (6811, 2692),
       (5143, 7696),
       (5143, 1043),
       (6503, 7696),
       (6503, 1196),
       (4436, 1043),
       (4436, 2692),
       (5500, 1043),
       (5500, 7696),
       (4216, 1043),
       (4216, 1196),
       (4779, 1196),
       (4779, 2692),
       (4234, 7696),
       (4234, 1043);